Run,Amp,Conc,CT,Quantity
1,Amp1,1ng/ul,12.162,1000.00
1,Amp1,100pg/ul,15.335,100.00
1,Amp1,10pg/ul,18.688,10.00
1,Amp1,1pg/ul,22.037,1.00
1,Amp1,100fg/ul,25.357,0.10
1,Amp1,NTC,0,0.00
1,Amp2,1ng/ul,12.368,1000.00
1,Amp2,100pg/ul,15.536,100.00
1,Amp2,10pg/ul,18.903,10.00
1,Amp2,1pg/ul,22.237,1.00
1,Amp2,100fg/ul,25.537,0.10
1,Amp2,NTC,0,0.00
1,Amp3,1ng/ul,13.180,1000.00
1,Amp3,100pg/ul,16.427,100.00
1,Amp3,10pg/ul,19.794,10.00
1,Amp3,1pg/ul,23.280,1.00
1,Amp3,100fg/ul,26.639,0.10
1,Amp3,NTC,0,0.00
1,Amp4,1ng/ul,11.855,1000.00
1,Amp4,100pg/ul,15.052,100.00
1,Amp4,10pg/ul,18.400,10.00
1,Amp4,1pg/ul,21.730,1.00
1,Amp4,100fg/ul,25.188,0.10
1,Amp4,NTC,0,0.00
1,Amp5,1ng/ul,11.866,1000.00
1,Amp5,100pg/ul,14.969,100.00
1,Amp5,10pg/ul,18.463,10.00
1,Amp5,1pg/ul,21.645,1.00
1,Amp5,100fg/ul,24.845,0.10
1,Amp5,NTC,0,0.00
1,Amp6,1ng/ul,11.966,1000.00
1,Amp6,100pg/ul,15.359,100.00
1,Amp6,10pg/ul,18.806,10.00
1,Amp6,1pg/ul,22.184,1.00
1,Amp6,100fg/ul,25.651,0.10
1,Amp6,NTC,36.833,0.00
1,Amp7,1ng/ul,14.077,1000.00
1,Amp7,100pg/ul,17.291,100.00
1,Amp7,10pg/ul,20.610,10.00
1,Amp7,1pg/ul,24.009,1.00
1,Amp7,100fg/ul,27.254,0.10
1,Amp7,NTC,0,0.00
1,Amp8,1ng/ul,13.611,1000.00
1,Amp8,100pg/ul,16.852,100.00
1,Amp8,10pg/ul,20.348,10.00
1,Amp8,1pg/ul,23.579,1.00
1,Amp8,100fg/ul,26.940,0.10
1,Amp8,NTC,0,0.00
1,Amp9,1ng/ul,12.332,1000.00
1,Amp9,100pg/ul,15.521,100.00
1,Amp9,10pg/ul,18.965,10.00
1,Amp9,1pg/ul,22.148,1.00
1,Amp9,100fg/ul,25.803,0.10
1,Amp9,NTC,0,0.00
1,Amp10,1ng/ul,12.250,1000.00
1,Amp10,100pg/ul,15.387,100.00
1,Amp10,10pg/ul,18.780,10.00
1,Amp10,1pg/ul,22.232,1.00
1,Amp10,100fg/ul,25.472,0.10
1,Amp10,NTC,0,0.00
2,Amp1,1ng/ul,12.340,1000.00
2,Amp1,1ng/ul,12.267,1000.00
2,Amp1,100pg/ul,15.727,100.00
2,Amp1,100pg/ul,15.613,100.00
2,Amp1,10pg/ul,19.138,10.00
2,Amp1,10pg/ul,19.213,10.00
2,Amp1,1pg/ul,22.276,1.00
2,Amp1,1pg/ul,22.394,1.00
2,Amp1,100fg/ul,25.425,0.10
2,Amp1,100fg/ul,25.589,0.10
2,Amp1,NTC,37.051,0.00
2,Amp1,NTC,37.659,
2,Amp4,1ng/ul,12.275,1000.00
2,Amp4,1ng/ul,12.147,1000.00
2,Amp4,100pg/ul,15.239,100.00
2,Amp4,100pg/ul,15.242,100.00
2,Amp4,10pg/ul,18.957,10.00
2,Amp4,10pg/ul,19.136,10.00
2,Amp4,1pg/ul,21.955,1.00
2,Amp4,1pg/ul,21.989,1.00
2,Amp4,100fg/ul,25.667,0.10
2,Amp4,100fg/ul,26.271,0.10
2,Amp4,NTC,36.362,0.00
2,Amp4,NTC,35.764,
2,Amp5,1ng/ul,12.423,1000.00
2,Amp5,1ng/ul,12.332,1000.00
2,Amp5,100pg/ul,15.458,100.00
2,Amp5,100pg/ul,15.319,100.00
2,Amp5,10pg/ul,18.731,10.00
2,Amp5,10pg/ul,18.718,10.00
2,Amp5,1pg/ul,21.920,1.00
2,Amp5,1pg/ul,22.108,1.00
2,Amp5,100fg/ul,25.739,0.10
2,Amp5,100fg/ul,25.852,0.10
2,Amp5,NTC,37.364,0.00
2,Amp5,NTC,35.515,0.00
2,Amp9,1ng/ul,12.531,1000.00
2,Amp9,1ng/ul,12.558,1000.00
2,Amp9,100pg/ul,15.574,100.00
2,Amp9,100pg/ul,15.824,100.00
2,Amp9,10pg/ul,19.482,10.00
2,Amp9,10pg/ul,19.426,10.00
2,Amp9,1pg/ul,22.526,1.00
2,Amp9,1pg/ul,22.545,1.00
2,Amp9,100fg/ul,26.061,0.10
2,Amp9,100fg/ul,25.940,0.10
2,Amp9,NTC,37.568,0.00
2,Amp9,NTC,0,0.00
2,Amp10,1ng/ul,12.428,1000.00
2,Amp10,1ng/ul,12.448,1000.00
2,Amp10,100pg/ul,15.853,100.00
2,Amp10,100pg/ul,15.834,100.00
2,Amp10,10pg/ul,19.449,10.00
2,Amp10,10pg/ul,19.468,10.00
2,Amp10,1pg/ul,22.459,1.00
2,Amp10,1pg/ul,22.534,1.00
2,Amp10,100fg/ul,26.608,0.10
2,Amp10,100fg/ul,26.316,0.10
2,Amp10,NTC,35.579,0.00
2,Amp10,NTC,35.602,0.00
3,Amp1,1ng/ul,12.357,1000.00
3,Amp1,1ng/ul,12.286,1000.00
3,Amp1,100pg/ul,15.710,100.00
3,Amp1,100pg/ul,15.664,100.00
3,Amp1,10pg/ul,19.689,10.00
3,Amp1,10pg/ul,19.697,10.00
3,Amp1,1pg/ul,22.675,1.00
3,Amp1,1pg/ul,22.738,1.00
3,Amp1,100fg/ul,25.845,0.10
3,Amp1,100fg/ul,25.917,0.10
3,Amp1,NTC,35.921,0.00
3,Amp1,NTC,38.156,0.00
3,Amp4,1ng/ul,11.972,1000.00
3,Amp4,1ng/ul,11.887,1000.00
3,Amp4,100pg/ul,15.447,100.00
3,Amp4,100pg/ul,15.417,100.00
3,Amp4,10pg/ul,19.299,10.00
3,Amp4,10pg/ul,19.345,10.00
3,Amp4,1pg/ul,22.397,1.00
3,Amp4,1pg/ul,21.897,1.00
3,Amp4,100fg/ul,25.572,0.10
3,Amp4,100fg/ul,24.671,0.10
3,Amp4,NTC,34.145,0.00
3,Amp4,NTC,34.650,0.00
3,Amp5,1ng/ul,12.051,1000.00
3,Amp5,1ng/ul,12.083,1000.00
3,Amp5,100pg/ul,15.144,100.00
3,Amp5,100pg/ul,15.187,100.00
3,Amp5,10pg/ul,18.602,10.00
3,Amp5,10pg/ul,18.644,10.00
3,Amp5,1pg/ul,21.878,1.00
3,Amp5,1pg/ul,21.944,1.00
3,Amp5,100fg/ul,24.737,0.10
3,Amp5,100fg/ul,24.653,0.10
3,Amp5,NTC,33.282,0.00
3,Amp5,NTC,34.460,0.00
3,Amp9,1ng/ul,12.561,1000.00
3,Amp9,1ng/ul,12.603,1000.00
3,Amp9,100pg/ul,15.625,100.00
3,Amp9,100pg/ul,15.566,100.00
3,Amp9,10pg/ul,19.137,10.00
3,Amp9,10pg/ul,19.202,10.00
3,Amp9,1pg/ul,22.455,1.00
3,Amp9,1pg/ul,22.402,1.00
3,Amp9,100fg/ul,25.330,0.10
3,Amp9,100fg/ul,26.405,0.10
3,Amp9,NTC,35.938,0.00
3,Amp9,NTC,35.940,0.00
3,Amp10,1ng/ul,12.454,1000.00
3,Amp10,1ng/ul,12.517,1000.00
3,Amp10,100pg/ul,15.621,100.00
3,Amp10,100pg/ul,15.661,100.00
3,Amp10,10pg/ul,19.078,10.00
3,Amp10,10pg/ul,19.190,10.00
3,Amp10,1pg/ul,23.063,1.00
3,Amp10,1pg/ul,22.941,1.00
3,Amp10,100fg/ul,26.373,0.10
3,Amp10,100fg/ul,26.325,0.10
3,Amp10,NTC,34.100,0.00
3,Amp10,NTC,34.072,0.00
4,Amp1,1ng/ul,12.342,1000.00
4,Amp1,1ng/ul,12.156,1000.00
4,Amp1,100pg/ul,15.654,100.00
4,Amp1,100pg/ul,15.643,100.00
4,Amp1,10pg/ul,18.949,10.00
4,Amp1,10pg/ul,18.921,10.00
4,Amp1,1pg/ul,22.463,1.00
4,Amp1,1pg/ul,22.520,1.00
4,Amp1,100fg/ul,26.315,0.10
4,Amp1,100fg/ul,26.338,0.10
4,Amp1,NTC,0,0.00
4,Amp1,NTC,0,0.00
4,Amp4,1ng/ul,11.957,1000.00
4,Amp4,1ng/ul,11.779,1000.00
4,Amp4,100pg/ul,15.264,100.00
4,Amp4,100pg/ul,15.186,100.00
4,Amp4,10pg/ul,18.604,10.00
4,Amp4,10pg/ul,18.677,10.00
4,Amp4,1pg/ul,22.253,1.00
4,Amp4,1pg/ul,22.289,1.00
4,Amp4,100fg/ul,26.139,0.10
4,Amp4,100fg/ul,25.926,0.10
4,Amp4,NTC,0,0.00
4,Amp4,NTC,0,0.00
4,Amp5,1ng/ul,12.046,1000.00
4,Amp5,1ng/ul,11.875,1000.00
4,Amp5,100pg/ul,15.362,100.00
4,Amp5,100pg/ul,15.260,100.00
4,Amp5,10pg/ul,18.592,10.00
4,Amp5,10pg/ul,18.647,10.00
4,Amp5,1pg/ul,22.093,1.00
4,Amp5,1pg/ul,22.136,1.00
4,Amp5,100fg/ul,25.752,0.10
4,Amp5,100fg/ul,25.685,0.10
4,Amp5,NTC,0,0.00
4,Amp5,NTC,0,0.00
4,Amp9,1ng/ul,12.423,1000.00
4,Amp9,1ng/ul,12.297,1000.00
4,Amp9,100pg/ul,15.785,100.00
4,Amp9,100pg/ul,15.659,100.00
4,Amp9,10pg/ul,19.141,10.00
4,Amp9,10pg/ul,19.013,10.00
4,Amp9,1pg/ul,22.661,1.00
4,Amp9,1pg/ul,22.589,1.00
4,Amp9,100fg/ul,26.414,0.10
4,Amp9,100fg/ul,26.324,0.10
4,Amp9,NTC,0,0.00
4,Amp9,NTC,0,0.00
4,Amp10,1ng/ul,12.388,1000.00
4,Amp10,1ng/ul,11.961,1000.00
4,Amp10,100pg/ul,15.698,100.00
4,Amp10,100pg/ul,15.605,100.00
4,Amp10,10pg/ul,19.063,10.00
4,Amp10,10pg/ul,18.896,10.00
4,Amp10,1pg/ul,22.586,1.00
4,Amp10,1pg/ul,22.633,1.00
4,Amp10,100fg/ul,26.324,0.10
4,Amp10,100fg/ul,26.479,0.10
4,Amp10,NTC,38.172,0.00
4,Amp10,NTC,0,0.00
